d1	d3	h	sat
0.010000	0.1	1	1.000000
0.010000	0.2	1	1.000000
0.010000	0.3	1	1.000000
0.010000	0.4	1	1.000000
0.010000	0.5	1	0.999999
0.010000	0.6	2	0.999999
0.010000	0.7	2	0.999998
0.010000	0.8	2	0.999998
0.010000	0.9	2	0.999997
0.010000	1.0	2	0.999997
0.010000	1.1	2	0.999996
0.010000	1.2	2	0.999996
0.010000	1.3	2	0.999995
0.010000	1.4	2	0.999995
0.010000	1.5	2	0.999994
0.010000	1.6	2	0.999993
0.010000	1.7	2	0.999992
0.010000	1.8	2	0.999992
0.010000	1.9	2	0.999991
0.010000	2.0	2	0.999990
0.010000	2.1	2	0.999989
0.010000	2.2	2	0.999988
0.010000	2.3	2	0.999987
0.010000	2.4	2	0.999986
0.010000	2.5	2	0.999985
0.010000	2.6	2	0.999984
0.010000	2.7	2	0.999983
0.010000	2.8	2	0.999981
0.010000	2.9	2	0.999980
0.010000	3.0	2	0.999979
0.010000	3.1	2	0.999977
0.010000	3.2	2	0.999976
0.010000	3.3	2	0.999975
0.010000	3.4	2	0.999973
0.010000	3.5	2	0.999972
0.010000	3.6	2	0.999970
0.010000	3.7	2	0.999969
0.010000	3.8	2	0.999967
0.010000	3.9	2	0.999965
0.010000	4.0	2	0.999964
0.010000	4.1	2	0.999962
0.010000	4.2	2	0.999960
0.010000	4.3	2	0.999958
0.010000	4.4	2	0.999956
0.010000	4.5	2	0.999954
0.010000	4.6	2	0.999952
0.010000	4.7	2	0.999950
0.010000	4.8	2	0.999948
0.010000	4.9	2	0.999946
0.010000	5.0	3	0.999939
0.020000	0.1	1	1.000000
0.020000	0.2	2	0.999999
0.020000	0.3	2	0.999998
0.020000	0.4	2	0.999997
0.020000	0.5	2	0.999995
0.020000	0.6	2	0.999993
0.020000	0.7	2	0.999991
0.020000	0.8	2	0.999988
0.020000	0.9	2	0.999985
0.020000	1.0	2	0.999982
0.020000	1.1	2	0.999979
0.020000	1.2	2	0.999975
0.020000	1.3	2	0.999970
0.020000	1.4	2	0.999966
0.020000	1.5	2	0.999961
0.020000	1.6	2	0.999956
0.020000	1.7	2	0.999950
0.020000	1.8	3	0.999941
0.020000	1.9	3	0.999934
0.020000	2.0	3	0.999927
0.020000	2.1	3	0.999919
0.020000	2.2	3	0.999911
0.020000	2.3	3	0.999902
0.020000	2.4	3	0.999893
0.020000	2.5	3	0.999884
0.020000	2.6	3	0.999874
0.020000	2.7	3	0.999864
0.020000	2.8	3	0.999853
0.020000	2.9	3	0.999842
0.020000	3.0	3	0.999830
0.020000	3.1	3	0.999818
0.020000	3.2	3	0.999805
0.020000	3.3	3	0.999792
0.020000	3.4	3	0.999779
0.020000	3.5	3	0.999765
0.020000	3.6	3	0.999750
0.020000	3.7	3	0.999735
0.020000	3.8	3	0.999719
0.020000	3.9	3	0.999703
0.020000	4.0	3	0.999686
0.020000	4.1	3	0.999669
0.020000	4.2	4	0.999642
0.020000	4.3	4	0.999623
0.020000	4.4	4	0.999603
0.020000	4.5	4	0.999582
0.020000	4.6	4	0.999561
0.020000	4.7	4	0.999539
0.020000	4.8	4	0.999516
0.020000	4.9	4	0.999493
0.020000	5.0	4	0.999469
0.030000	0.1	2	0.999999
0.030000	0.2	2	0.999997
0.030000	0.3	2	0.999994
0.030000	0.4	2	0.999990
0.030000	0.5	2	0.999985
0.030000	0.6	2	0.999979
0.030000	0.7	2	0.999972
0.030000	0.8	2	0.999964
0.030000	0.9	2	0.999954
0.030000	1.0	3	0.999941
0.030000	1.1	3	0.999928
0.030000	1.2	3	0.999914
0.030000	1.3	3	0.999899
0.030000	1.4	3	0.999882
0.030000	1.5	3	0.999864
0.030000	1.6	3	0.999844
0.030000	1.7	3	0.999823
0.030000	1.8	3	0.999801
0.030000	1.9	3	0.999777
0.030000	2.0	3	0.999751
0.030000	2.1	3	0.999724
0.030000	2.2	3	0.999696
0.030000	2.3	3	0.999665
0.030000	2.4	3	0.999633
0.030000	2.5	4	0.999591
0.030000	2.6	4	0.999554
0.030000	2.7	4	0.999515
0.030000	2.8	4	0.999474
0.030000	2.9	4	0.999431
0.030000	3.0	4	0.999386
0.030000	3.1	4	0.999339
0.030000	3.2	4	0.999290
0.030000	3.3	4	0.999238
0.030000	3.4	4	0.999184
0.030000	3.5	4	0.999127
0.030000	3.6	4	0.999068
0.030000	3.7	4	0.999006
0.030000	3.8	4	0.998942
0.030000	3.9	5	0.998861
0.030000	4.0	5	0.998789
0.030000	4.1	5	0.998714
0.030000	4.2	5	0.998636
0.030000	4.3	5	0.998554
0.030000	4.4	5	0.998470
0.030000	4.5	5	0.998381
0.030000	4.6	5	0.998289
0.030000	4.7	5	0.998193
0.030000	4.8	5	0.998093
0.030000	4.9	5	0.997990
0.030000	5.0	6	0.997861
0.040000	0.1	2	0.999998
0.040000	0.2	2	0.999994
0.040000	0.3	2	0.999988
0.040000	0.4	2	0.999979
0.040000	0.5	2	0.999967
0.040000	0.6	2	0.999953
0.040000	0.7	3	0.999933
0.040000	0.8	3	0.999912
0.040000	0.9	3	0.999888
0.040000	1.0	3	0.999861
0.040000	1.1	3	0.999830
0.040000	1.2	3	0.999796
0.040000	1.3	3	0.999759
0.040000	1.4	3	0.999719
0.040000	1.5	3	0.999675
0.040000	1.6	3	0.999627
0.040000	1.7	3	0.999575
0.040000	1.8	4	0.999510
0.040000	1.9	4	0.999449
0.040000	2.0	4	0.999382
0.040000	2.1	4	0.999311
0.040000	2.2	4	0.999236
0.040000	2.3	4	0.999155
0.040000	2.4	4	0.999069
0.040000	2.5	4	0.998978
0.040000	2.6	4	0.998881
0.040000	2.7	4	0.998779
0.040000	2.8	5	0.998656
0.040000	2.9	5	0.998539
0.040000	3.0	5	0.998414
0.040000	3.1	5	0.998283
0.040000	3.2	5	0.998144
0.040000	3.3	5	0.997997
0.040000	3.4	5	0.997843
0.040000	3.5	5	0.997679
0.040000	3.6	6	0.997488
0.040000	3.7	6	0.997303
0.040000	3.8	6	0.997107
0.040000	3.9	6	0.996900
0.040000	4.0	6	0.996681
0.040000	4.1	6	0.996450
0.040000	4.2	7	0.996185
0.040000	4.3	7	0.995922
0.040000	4.4	7	0.995645
0.040000	4.5	7	0.995351
0.040000	4.6	7	0.995039
0.040000	4.7	8	0.994682
0.040000	4.8	8	0.994325
0.040000	4.9	8	0.993945
0.040000	5.0	8	0.993541
0.050000	0.1	2	0.999997
0.050000	0.2	2	0.999989
0.050000	0.3	2	0.999977
0.050000	0.4	2	0.999960
0.050000	0.5	3	0.999934
0.050000	0.6	3	0.999905
0.050000	0.7	3	0.999870
0.050000	0.8	3	0.999829
0.050000	0.9	3	0.999781
0.050000	1.0	3	0.999727
0.050000	1.1	3	0.999667
0.050000	1.2	3	0.999600
0.050000	1.3	4	0.999518
0.050000	1.4	4	0.999434
0.050000	1.5	4	0.999341
0.050000	1.6	4	0.999240
0.050000	1.7	4	0.999130
0.050000	1.8	4	0.999011
0.050000	1.9	4	0.998882
0.050000	2.0	4	0.998743
0.050000	2.1	5	0.998581
0.050000	2.2	5	0.998417
0.050000	2.3	5	0.998241
0.050000	2.4	5	0.998052
0.050000	2.5	5	0.997849
0.050000	2.6	5	0.997632
0.050000	2.7	5	0.997400
0.050000	2.8	6	0.997134
0.050000	2.9	6	0.996864
0.050000	3.0	6	0.996575
0.050000	3.1	6	0.996266
0.050000	3.2	6	0.995935
0.050000	3.3	7	0.995560
0.050000	3.4	7	0.995176
0.050000	3.5	7	0.994764
0.050000	3.6	7	0.994322
0.050000	3.7	8	0.993822
0.050000	3.8	8	0.993305
0.050000	3.9	8	0.992746
0.050000	4.0	9	0.992116
0.050000	4.1	9	0.991454
0.050000	4.2	9	0.990736
0.050000	4.3	10	0.989916
0.050000	4.4	10	0.989048
0.050000	4.5	11	0.988052
0.050000	4.6	12	0.986944
0.050000	4.7	13	0.985698
0.050000	4.8	14	0.984281
0.050000	4.9	15	0.982643
0.050000	5.0	16	0.980714
0.060000	0.1	2	0.999995
0.060000	0.2	2	0.999982
0.060000	0.3	2	0.999961
0.060000	0.4	3	0.999929
0.060000	0.5	3	0.999888
0.060000	0.6	3	0.999837
0.060000	0.7	3	0.999776
0.060000	0.8	3	0.999704
0.060000	0.9	3	0.999621
0.060000	1.0	3	0.999526
0.060000	1.1	4	0.999411
0.060000	1.2	4	0.999288
0.060000	1.3	4	0.999151
0.060000	1.4	4	0.998999
0.060000	1.5	4	0.998831
0.060000	1.6	4	0.998647
0.060000	1.7	5	0.998434
0.060000	1.8	5	0.998210
0.060000	1.9	5	0.997967
0.060000	2.0	5	0.997701
0.060000	2.1	5	0.997413
0.060000	2.2	5	0.997100
0.060000	2.3	6	0.996743
0.060000	2.4	6	0.996371
0.060000	2.5	6	0.995968
0.060000	2.6	6	0.995531
0.060000	2.7	7	0.995037
0.060000	2.8	7	0.994518
0.060000	2.9	7	0.993953
0.060000	3.0	7	0.993341
0.060000	3.1	8	0.992646
0.060000	3.2	8	0.991910
0.060000	3.3	8	0.991106
0.060000	3.4	9	0.990189
0.060000	3.5	9	0.989208
0.060000	3.6	10	0.988085
0.060000	3.7	11	0.986834
0.060000	3.8	11	0.985456
0.060000	3.9	12	0.983855
0.060000	4.0	13	0.982013
0.060000	4.1	15	0.979822
0.060000	4.2	16	0.977236
0.060000	4.3	19	0.973941
0.060000	4.4	23	0.969552
0.060000	4.5	31	0.962729
0.060000	4.6	83	0.010220
0.060000	4.7	38	0.009250
0.060000	4.8	28	0.008373
0.060000	4.9	23	0.007579
0.060000	5.0	20	0.006860
0.070000	0.1	2	0.999993
0.070000	0.2	2	0.999973
0.070000	0.3	3	0.999938
0.070000	0.4	3	0.999888
0.070000	0.5	3	0.999823
0.070000	0.6	3	0.999743
0.070000	0.7	3	0.999645
0.070000	0.8	3	0.999529
0.070000	0.9	4	0.999387
0.070000	1.0	4	0.999230
0.070000	1.1	4	0.999051
0.070000	1.2	4	0.998849
0.070000	1.3	4	0.998623
0.070000	1.4	4	0.998370
0.070000	1.5	5	0.998076
0.070000	1.6	5	0.997761
0.070000	1.7	5	0.997414
0.070000	1.8	5	0.997032
0.070000	1.9	6	0.996597
0.070000	2.0	6	0.996130
0.070000	2.1	6	0.995618
0.070000	2.2	6	0.995057
0.070000	2.3	7	0.994420
0.070000	2.4	7	0.993737
0.070000	2.5	7	0.992986
0.070000	2.6	8	0.992136
0.070000	2.7	8	0.991216
0.070000	2.8	8	0.990199
0.070000	2.9	9	0.989038
0.070000	3.0	9	0.987770
0.070000	3.1	10	0.986310
0.070000	3.2	11	0.984659
0.070000	3.3	12	0.982771
0.070000	3.4	13	0.980585
0.070000	3.5	14	0.978012
0.070000	3.6	16	0.974876
0.070000	3.7	18	0.970966
0.070000	3.8	22	0.965710
0.070000	3.9	29	0.957700
0.070000	4.0	106	0.018678
0.070000	4.1	38	0.016909
0.070000	4.2	28	0.015307
0.070000	4.3	23	0.013857
0.070000	4.4	19	0.012545
0.070000	4.5	17	0.011357
0.070000	4.6	16	0.010281
0.070000	4.7	14	0.009307
0.070000	4.8	13	0.008426
0.070000	4.9	13	0.007628
0.070000	5.0	12	0.006905
0.080000	0.1	2	0.999990
0.080000	0.2	2	0.999960
0.080000	0.3	3	0.999908
0.080000	0.4	3	0.999835
0.080000	0.5	3	0.999738
0.080000	0.6	3	0.999616
0.080000	0.7	3	0.999470
0.080000	0.8	4	0.999286
0.080000	0.9	4	0.999077
0.080000	1.0	4	0.998837
0.080000	1.1	4	0.998561
0.080000	1.2	4	0.998249
0.080000	1.3	5	0.997883
0.080000	1.4	5	0.997482
0.080000	1.5	5	0.997034
0.080000	1.6	5	0.996535
0.080000	1.7	6	0.995960
0.080000	1.8	6	0.995336
0.080000	1.9	6	0.994642
0.080000	2.0	7	0.993853
0.080000	2.1	7	0.992990
0.080000	2.2	7	0.992031
0.080000	2.3	8	0.990936
0.080000	2.4	8	0.989733
0.080000	2.5	9	0.988357
0.080000	2.6	9	0.986828
0.080000	2.7	10	0.985063
0.080000	2.8	11	0.983043
0.080000	2.9	12	0.980706
0.080000	3.0	13	0.977964
0.080000	3.1	14	0.974687
0.080000	3.2	16	0.970624
0.080000	3.3	19	0.965376
0.080000	3.4	24	0.958022
0.080000	3.5	36	0.945270
0.080000	3.6	55	0.027961
0.080000	3.7	32	0.025316
0.080000	3.8	24	0.022921
0.080000	3.9	20	0.020754
0.080000	4.0	18	0.018791
0.080000	4.1	16	0.017013
0.080000	4.2	14	0.015404
0.080000	4.3	13	0.013947
0.080000	4.4	12	0.012628
0.080000	4.5	12	0.011434
0.080000	4.6	11	0.010352
0.080000	4.7	10	0.009373
0.080000	4.8	10	0.008486
0.080000	4.9	9	0.007684
0.080000	5.0	9	0.006957
0.090000	0.1	2	0.999986
0.090000	0.2	2	0.999945
0.090000	0.3	3	0.999870
0.090000	0.4	3	0.999766
0.090000	0.5	3	0.999628
0.090000	0.6	3	0.999455
0.090000	0.7	4	0.999234
0.090000	0.8	4	0.998977
0.090000	0.9	4	0.998674
0.090000	1.0	4	0.998323
0.090000	1.1	5	0.997906
0.090000	1.2	5	0.997440
0.090000	1.3	5	0.996909
0.090000	1.4	5	0.996310
0.090000	1.5	6	0.995615
0.090000	1.6	6	0.994848
0.090000	1.7	6	0.993985
0.090000	1.8	7	0.992993
0.090000	1.9	7	0.991895
0.090000	2.0	7	0.990660
0.090000	2.1	8	0.989234
0.090000	2.2	8	0.987646
0.090000	2.3	9	0.985803
0.090000	2.4	10	0.983691
0.090000	2.5	11	0.981247
0.090000	2.6	12	0.978385
0.090000	2.7	13	0.974982
0.090000	2.8	14	0.970850
0.090000	2.9	17	0.965579
0.090000	3.0	20	0.958604
0.090000	3.1	27	0.948136
0.090000	3.2	61	0.923695
0.090000	3.3	43	0.038469
0.090000	3.4	27	0.034305
0.090000	3.5	22	0.031066
0.090000	3.6	18	0.028132
0.090000	3.7	16	0.025476
0.090000	3.8	14	0.023070
0.090000	3.9	13	0.020892
0.090000	4.0	12	0.018919
0.090000	4.1	11	0.017132
0.090000	4.2	11	0.015515
0.090000	4.3	10	0.014049
0.090000	4.4	10	0.012723
0.090000	4.5	9	0.011521
0.090000	4.6	9	0.010433
0.090000	4.7	8	0.009448
0.090000	4.8	8	0.008556
0.090000	4.9	8	0.007748
0.090000	5.0	7	0.007016
0.100000	0.1	2	0.999981
0.100000	0.2	3	0.999923
0.100000	0.3	3	0.999824
0.100000	0.4	3	0.999681
0.100000	0.5	3	0.999492
0.100000	0.6	4	0.999244
0.100000	0.7	4	0.998946
0.100000	0.8	4	0.998587
0.100000	0.9	4	0.998163
0.100000	1.0	5	0.997656
0.100000	1.1	5	0.997077
0.100000	1.2	5	0.996412
0.100000	1.3	6	0.995636
0.100000	1.4	6	0.994761
0.100000	1.5	6	0.993766
0.100000	1.6	7	0.992615
0.100000	1.7	7	0.991321
0.100000	1.8	7	0.989849
0.100000	1.9	8	0.988138
0.100000	2.0	9	0.986178
0.100000	2.1	9	0.983942
0.100000	2.2	10	0.981314
0.100000	2.3	11	0.978229
0.100000	2.4	12	0.974556
0.100000	2.5	14	0.970062
0.100000	2.6	16	0.964448
0.100000	2.7	19	0.957062
0.100000	2.8	24	0.946451
0.100000	2.9	39	0.926956
0.100000	3.0	54	0.058445
0.100000	3.1	33	0.050301
0.100000	3.2	25	0.043770
0.100000	3.3	21	0.038201
0.100000	3.4	16	0.034527
0.100000	3.5	14	0.031273
0.100000	3.6	13	0.028325
0.100000	3.7	12	0.025655
0.100000	3.8	11	0.023237
0.100000	3.9	10	0.021047
0.100000	4.0	10	0.019063
0.100000	4.1	9	0.017266
0.100000	4.2	9	0.015639
0.100000	4.3	8	0.014165
0.100000	4.4	8	0.012830
0.100000	4.5	8	0.011620
0.100000	4.6	7	0.010525
0.100000	4.7	7	0.009533
0.100000	4.8	7	0.008634
0.100000	4.9	7	0.007821
0.100000	5.0	7	0.007083
0.110000	0.1	2	0.999975
0.110000	0.2	3	0.999898
0.110000	0.3	3	0.999767
0.110000	0.4	3	0.999578
0.110000	0.5	4	0.999319
0.110000	0.6	4	0.998993
0.110000	0.7	4	0.998591
0.110000	0.8	4	0.998107
0.110000	0.9	5	0.997518
0.110000	1.0	5	0.996835
0.110000	1.1	5	0.996040
0.110000	1.2	6	0.995102
0.110000	1.3	6	0.994032
0.110000	1.4	6	0.992802
0.110000	1.5	7	0.991364
0.110000	1.6	7	0.989730
0.110000	1.7	8	0.987820
0.110000	1.8	8	0.985636
0.110000	1.9	9	0.983064
0.110000	2.0	10	0.980051
0.110000	2.1	11	0.976481
0.110000	2.2	12	0.972190
0.110000	2.3	14	0.966888
0.110000	2.4	16	0.960172
0.110000	2.5	19	0.951178
0.110000	2.6	25	0.937802
0.110000	2.7	48	0.910171
0.110000	2.8	48	0.080375
0.110000	2.9	32	0.068003
0.110000	3.0	25	0.058109
0.110000	3.1	21	0.050135
0.110000	3.2	18	0.043747
0.110000	3.3	14	0.038386
0.110000	3.4	13	0.034775
0.110000	3.5	11	0.031504
0.110000	3.6	11	0.028540
0.110000	3.7	10	0.025856
0.110000	3.8	9	0.023423
0.110000	3.9	9	0.021220
0.110000	4.0	8	0.019224
0.110000	4.1	8	0.017416
0.110000	4.2	8	0.015777
0.110000	4.3	7	0.014293
0.110000	4.4	7	0.012949
0.110000	4.5	7	0.011731
0.110000	4.6	7	0.010627
0.110000	4.7	6	0.009628
0.110000	4.8	6	0.008722
0.110000	4.9	6	0.007901
0.110000	5.0	6	0.007158
0.120000	0.1	2	0.999968
0.120000	0.2	3	0.999869
0.120000	0.3	3	0.999700
0.120000	0.4	3	0.999455
0.120000	0.5	4	0.999118
0.120000	0.6	4	0.998692
0.120000	0.7	4	0.998164
0.120000	0.8	5	0.997514
0.120000	0.9	5	0.996743
0.120000	1.0	5	0.995833
0.120000	1.1	6	0.994749
0.120000	1.2	6	0.993495
0.120000	1.3	6	0.992038
0.120000	1.4	7	0.990318
0.120000	1.5	7	0.988342
0.120000	1.6	8	0.986009
0.120000	1.7	9	0.983279
0.120000	1.8	10	0.980062
0.120000	1.9	10	0.976263
0.120000	2.0	12	0.971615
0.120000	2.1	13	0.965937
0.120000	2.2	15	0.958716
0.120000	2.3	18	0.949106
0.120000	2.4	23	0.935146
0.120000	2.5	38	0.909437
0.120000	2.6	59	0.114317
0.120000	2.7	35	0.094768
0.120000	2.8	27	0.079570
0.120000	2.9	22	0.067541
0.120000	3.0	19	0.057872
0.120000	3.1	17	0.050056
0.120000	3.2	15	0.043717
0.120000	3.3	11	0.038678
0.120000	3.4	10	0.035048
0.120000	3.5	10	0.031758
0.120000	3.6	9	0.028778
0.120000	3.7	8	0.026077
0.120000	3.8	8	0.023629
0.120000	3.9	8	0.021411
0.120000	4.0	7	0.019402
0.120000	4.1	7	0.017581
0.120000	4.2	7	0.015930
0.120000	4.3	6	0.014435
0.120000	4.4	6	0.013080
0.120000	4.5	6	0.011853
0.120000	4.6	6	0.010740
0.120000	4.7	6	0.009732
0.120000	4.8	6	0.008819
0.120000	4.9	5	0.007991
0.120000	5.0	5	0.007241
0.130000	0.1	2	0.999960
0.130000	0.2	3	0.999836
0.130000	0.3	3	0.999622
0.130000	0.4	4	0.999305
0.130000	0.5	4	0.998880
0.130000	0.6	4	0.998335
0.130000	0.7	4	0.997658
0.130000	0.8	5	0.996816
0.130000	0.9	5	0.995816
0.130000	1.0	6	0.994611
0.130000	1.1	6	0.993198
0.130000	1.2	6	0.991538
0.130000	1.3	7	0.989562
0.130000	1.4	8	0.987243
0.130000	1.5	8	0.984530
0.130000	1.6	9	0.981296
0.130000	1.7	10	0.977441
0.130000	1.8	11	0.972796
0.130000	1.9	12	0.967110
0.130000	2.0	14	0.959948
0.130000	2.1	16	0.950645
0.130000	2.2	20	0.937697
0.130000	2.3	28	0.917149
0.130000	2.4	288	0.171046
0.130000	2.5	45	0.137210
0.130000	2.6	32	0.112464
0.130000	2.7	25	0.093632
0.130000	2.8	21	0.078883
0.130000	2.9	18	0.067138
0.130000	3.0	16	0.057691
0.130000	3.1	15	0.050014
0.130000	3.2	13	0.043891
0.130000	3.3	10	0.038999
0.130000	3.4	9	0.035347
0.130000	3.5	8	0.032037
0.130000	3.6	8	0.029038
0.130000	3.7	8	0.026319
0.130000	3.8	7	0.023855
0.130000	3.9	7	0.021621
0.130000	4.0	7	0.019597
0.130000	4.1	6	0.017762
0.130000	4.2	6	0.016099
0.130000	4.3	6	0.014591
0.130000	4.4	6	0.013225
0.130000	4.5	6	0.011987
0.130000	4.6	5	0.010864
0.130000	4.7	5	0.009847
0.130000	4.8	5	0.008925
0.130000	4.9	5	0.008089
0.130000	5.0	5	0.007332
0.140000	0.1	2	0.999951
0.140000	0.2	3	0.999797
0.140000	0.3	3	0.999531
0.140000	0.4	4	0.999136
0.140000	0.5	4	0.998604
0.140000	0.6	4	0.997920
0.140000	0.7	5	0.997052
0.140000	0.8	5	0.995996
0.140000	0.9	5	0.994721
0.140000	1.0	6	0.993172
0.140000	1.1	6	0.991347
0.140000	1.2	7	0.989158
0.140000	1.3	7	0.986585
0.140000	1.4	8	0.983496
0.140000	1.5	9	0.979811
0.140000	1.6	10	0.975378
0.140000	1.7	11	0.969983
0.140000	1.8	12	0.963304
0.140000	1.9	14	0.954775
0.140000	2.0	17	0.943438
0.140000	2.1	22	0.927195
0.140000	2.2	32	0.899577
0.140000	2.3	92	0.211887
0.140000	2.4	43	0.166297
0.140000	2.5	31	0.134476
0.140000	2.6	25	0.110825
0.140000	2.7	21	0.092623
0.140000	2.8	18	0.078288
0.140000	2.9	16	0.066812
0.140000	3.0	14	0.057540
0.140000	3.1	13	0.049871
0.140000	3.2	11	0.043753
0.140000	3.3	9	0.039348
0.140000	3.4	8	0.035673
0.140000	3.5	8	0.032342
0.140000	3.6	7	0.029321
0.140000	3.7	7	0.026583
0.140000	3.8	6	0.024101
0.140000	3.9	6	0.021850
0.140000	4.0	6	0.019809
0.140000	4.1	6	0.017959
0.140000	4.2	6	0.016282
0.140000	4.3	5	0.014762
0.140000	4.4	5	0.013383
0.140000	4.5	5	0.012133
0.140000	4.6	5	0.011000
0.140000	4.7	5	0.009973
0.140000	4.8	5	0.009042
0.140000	4.9	5	0.008197
0.140000	5.0	4	0.007432
0.150000	0.1	2	0.999941
0.150000	0.2	3	0.999752
0.150000	0.3	3	0.999428
0.150000	0.4	4	0.998942
0.150000	0.5	4	0.998287
0.150000	0.6	4	0.997441
0.150000	0.7	5	0.996361
0.150000	0.8	5	0.995042
0.150000	0.9	6	0.993423
0.150000	1.0	6	0.991483
0.150000	1.1	7	0.989138
0.150000	1.2	7	0.986349
0.150000	1.3	8	0.982980
0.150000	1.4	9	0.978929
0.150000	1.5	10	0.974018
0.150000	1.6	11	0.967996
0.150000	1.7	12	0.960486
0.150000	1.8	14	0.950821
0.150000	1.9	17	0.937847
0.150000	2.0	22	0.919006
0.150000	2.1	34	0.886037
0.150000	2.2	94	0.269031
0.150000	2.3	44	0.204184
0.150000	2.4	32	0.162170
0.150000	2.5	25	0.132081
0.150000	2.6	21	0.109385
0.150000	2.7	18	0.091765
0.150000	2.8	16	0.077791
0.150000	2.9	14	0.066571
0.150000	3.0	13	0.057493
0.150000	3.1	12	0.049946
0.150000	3.2	10	0.044024
0.150000	3.3	8	0.039726
0.150000	3.4	7	0.036027
0.150000	3.5	7	0.032672
0.150000	3.6	7	0.029629
0.150000	3.7	6	0.026870
0.150000	3.8	6	0.024368
0.150000	3.9	6	0.022098
0.150000	4.0	6	0.020041
0.150000	4.1	5	0.018174
0.150000	4.2	5	0.016482
0.150000	4.3	5	0.014947
0.150000	4.4	5	0.013555
0.150000	4.5	5	0.012293
0.150000	4.6	5	0.011148
0.150000	4.7	4	0.010110
0.150000	4.8	4	0.009168
0.150000	4.9	4	0.008315
0.150000	5.0	4	0.007540
0.160000	0.1	3	0.999927
0.160000	0.2	3	0.999702
0.160000	0.3	3	0.999311
0.160000	0.4	4	0.998722
0.160000	0.5	4	0.997926
0.160000	0.6	5	0.996882
0.160000	0.7	5	0.995569
0.160000	0.8	6	0.993932
0.160000	0.9	6	0.991938
0.160000	1.0	7	0.989503
0.160000	1.1	7	0.986573
0.160000	1.2	8	0.983012
0.160000	1.3	9	0.978699
0.160000	1.4	10	0.973439
0.160000	1.5	11	0.966956
0.160000	1.6	12	0.958835
0.160000	1.7	14	0.948357
0.160000	1.8	17	0.934279
0.160000	1.9	22	0.913895
0.160000	2.0	32	0.879056
0.160000	2.1	142	0.359340
0.160000	2.2	50	0.255188
0.160000	2.3	34	0.197655
0.160000	2.4	27	0.158556
0.160000	2.5	22	0.129942
0.160000	2.6	19	0.108099
0.160000	2.7	17	0.090997
0.160000	2.8	15	0.077372
0.160000	2.9	13	0.066375
0.160000	3.0	12	0.057493
0.160000	3.1	11	0.049945
0.160000	3.2	10	0.044499
0.160000	3.3	7	0.040134
0.160000	3.4	7	0.036408
0.160000	3.5	6	0.033028
0.160000	3.6	6	0.029962
0.160000	3.7	6	0.027180
0.160000	3.8	6	0.024656
0.160000	3.9	5	0.022367
0.160000	4.0	5	0.020291
0.160000	4.1	5	0.018407
0.160000	4.2	5	0.016698
0.160000	4.3	5	0.015147
0.160000	4.4	5	0.013741
0.160000	4.5	4	0.012465
0.160000	4.6	4	0.011308
0.160000	4.7	4	0.010258
0.160000	4.8	4	0.009306
0.160000	4.9	4	0.008442
0.160000	5.0	4	0.007658
0.170000	0.1	3	0.999914
0.170000	0.2	3	0.999647
0.170000	0.3	4	0.999174
0.170000	0.4	4	0.998475
0.170000	0.5	4	0.997520
0.170000	0.6	5	0.996259
0.170000	0.7	5	0.994671
0.170000	0.8	6	0.992677
0.170000	0.9	6	0.990238
0.170000	1.0	7	0.987236
0.170000	1.1	8	0.983580
0.170000	1.2	8	0.979141
0.170000	1.3	9	0.973676
0.170000	1.4	10	0.966919
0.170000	1.5	12	0.958404
0.170000	1.6	14	0.947469
0.170000	1.7	16	0.932893
0.170000	1.8	20	0.912086
0.170000	1.9	29	0.878106
0.170000	2.0	81	0.784940
0.170000	2.1	63	0.328427
0.170000	2.2	38	0.244226
0.170000	2.3	29	0.192069
0.170000	2.4	23	0.155417
0.170000	2.5	20	0.128061
0.170000	2.6	17	0.106994
0.170000	2.7	15	0.090376
0.170000	2.8	14	0.077048
0.170000	2.9	12	0.066288
0.170000	3.0	11	0.057460
0.170000	3.1	10	0.050392
0.170000	3.2	7	0.044712
0.170000	3.3	7	0.040574
0.170000	3.4	6	0.036819
0.170000	3.5	6	0.033412
0.170000	3.6	6	0.030320
0.170000	3.7	5	0.027514
0.170000	3.8	5	0.024968
0.170000	3.9	5	0.022657
0.170000	4.0	5	0.020560
0.170000	4.1	5	0.018657
0.170000	4.2	4	0.016931
0.170000	4.3	4	0.015364
0.170000	4.4	4	0.013942
0.170000	4.5	4	0.012652
0.170000	4.6	4	0.011481
0.170000	4.7	4	0.010419
0.170000	4.8	4	0.009454
0.170000	4.9	4	0.008579
0.170000	5.0	4	0.007785
0.180000	0.1	3	0.999899
0.180000	0.2	3	0.999585
0.180000	0.3	4	0.999027
0.180000	0.4	4	0.998199
0.180000	0.5	4	0.997065
0.180000	0.6	5	0.995561
0.180000	0.7	5	0.993660
0.180000	0.8	6	0.991258
0.180000	0.9	7	0.988288
0.180000	1.0	7	0.984650
0.180000	1.1	8	0.980158
0.180000	1.2	9	0.974628
0.180000	1.3	10	0.967771
0.180000	1.4	11	0.959164
0.180000	1.5	13	0.948107
0.180000	1.6	15	0.933495
0.180000	1.7	19	0.913044
0.180000	1.8	26	0.881421
0.180000	1.9	46	0.817640
0.180000	2.0	97	0.450654
0.180000	2.1	46	0.307647
0.180000	2.2	32	0.235208
0.180000	2.3	25	0.187276
0.180000	2.4	21	0.152626
0.180000	2.5	18	0.126424
0.180000	2.6	16	0.106027
0.180000	2.7	14	0.089848
0.180000	2.8	13	0.076813
0.180000	2.9	11	0.066275
0.180000	3.0	10	0.057540
0.180000	3.1	9	0.050397
0.180000	3.2	8	0.045275
0.180000	3.3	6	0.041045
0.180000	3.4	6	0.037260
0.180000	3.5	5	0.033823
0.180000	3.6	5	0.030704
0.180000	3.7	5	0.027872
0.180000	3.8	5	0.025302
0.180000	3.9	5	0.022968
0.180000	4.0	4	0.020850
0.180000	4.1	4	0.018927
0.180000	4.2	4	0.017182
0.180000	4.3	4	0.015597
0.180000	4.4	4	0.014159
0.180000	4.5	4	0.012853
0.180000	4.6	4	0.011667
0.180000	4.7	4	0.010591
0.180000	4.8	4	0.009615
0.180000	4.9	4	0.008728
0.180000	5.0	4	0.007923
0.190000	0.1	3	0.999883
0.190000	0.2	3	0.999516
0.190000	0.3	4	0.998864
0.190000	0.4	4	0.997894
0.190000	0.5	5	0.996548
0.190000	0.6	5	0.994784
0.190000	0.7	6	0.992512
0.190000	0.8	6	0.989667
0.190000	0.9	7	0.986107
0.190000	1.0	8	0.981697
0.190000	1.1	8	0.976259
0.190000	1.2	9	0.969471
0.190000	1.3	11	0.960920
0.190000	1.4	12	0.950049
0.190000	1.5	14	0.935784
0.190000	1.6	17	0.916270
0.190000	1.7	22	0.887496
0.190000	1.8	34	0.837703
0.190000	1.9	94	0.686827
0.190000	2.0	59	0.399609
0.190000	2.1	37	0.292054
0.190000	2.2	28	0.227655
0.190000	2.3	23	0.183079
0.190000	2.4	19	0.150195
0.190000	2.5	17	0.124981
0.190000	2.6	15	0.105208
0.190000	2.7	13	0.089429
0.190000	2.8	12	0.076682
0.190000	2.9	11	0.066221
0.190000	3.0	10	0.057801
0.190000	3.1	9	0.050946
0.190000	3.2	6	0.045754
0.190000	3.3	6	0.041549
0.190000	3.4	5	0.037731
0.190000	3.5	5	0.034264
0.190000	3.6	5	0.031116
0.190000	3.7	5	0.028257
0.190000	3.8	5	0.025660
0.190000	3.9	4	0.023302
0.190000	4.0	4	0.021161
0.190000	4.1	4	0.019216
0.190000	4.2	4	0.017451
0.190000	4.3	4	0.015847
0.190000	4.4	4	0.014391
0.190000	4.5	4	0.013069
0.190000	4.6	4	0.011868
0.190000	4.7	4	0.010777
0.190000	4.8	3	0.009787
0.190000	4.9	3	0.008887
0.190000	5.0	3	0.008071
0.200000	0.1	3	0.999865
0.200000	0.2	3	0.999442
0.200000	0.3	4	0.998686
0.200000	0.4	4	0.997558
0.200000	0.5	5	0.995989
0.200000	0.6	5	0.993924
0.200000	0.7	6	0.991253
0.200000	0.8	6	0.987895
0.200000	0.9	7	0.983666
0.200000	1.0	8	0.978395
0.200000	1.1	9	0.971816
0.200000	1.2	10	0.963556
0.200000	1.3	11	0.953061
0.200000	1.4	13	0.939412
0.200000	1.5	16	0.921089
0.200000	1.6	20	0.895134
0.200000	1.7	27	0.854397
0.200000	1.8	46	0.773443
0.200000	1.9	78	0.541699
0.200000	2.0	45	0.369276
0.200000	2.1	32	0.279647
0.200000	2.2	25	0.221233
0.200000	2.3	21	0.179436
0.200000	2.4	18	0.148047
0.200000	2.5	15	0.123765
0.200000	2.6	14	0.104527
0.200000	2.7	12	0.089124
0.200000	2.8	11	0.076584
0.200000	2.9	10	0.066425
0.200000	3.0	9	0.057967
0.200000	3.1	6	0.050996
0.200000	3.2	6	0.046328
0.200000	3.3	5	0.042088
0.200000	3.4	5	0.038235
0.200000	3.5	5	0.034735
0.200000	3.6	5	0.031556
0.200000	3.7	4	0.028667
0.200000	3.8	4	0.026043
0.200000	3.9	4	0.023659
0.200000	4.0	4	0.021494
0.200000	4.1	4	0.019526
0.200000	4.2	4	0.017739
0.200000	4.3	4	0.016115
0.200000	4.4	4	0.014640
0.200000	4.5	4	0.013300
0.200000	4.6	3	0.012082
0.200000	4.7	3	0.010976
0.200000	4.8	3	0.009972
0.200000	4.9	3	0.009059
0.200000	5.0	3	0.008230
0.210000	0.1	3	0.999845
0.210000	0.2	3	0.999360
0.210000	0.3	4	0.998491
0.210000	0.4	4	0.997191
0.210000	0.5	5	0.995375
0.210000	0.6	5	0.992979
0.210000	0.7	6	0.989865
0.210000	0.8	7	0.985912
0.210000	0.9	7	0.980955
0.210000	1.0	8	0.974709
0.210000	1.1	9	0.966853
0.210000	1.2	10	0.956897
0.210000	1.3	12	0.944043
0.210000	1.4	14	0.927099
0.210000	1.5	17	0.903805
0.210000	1.6	22	0.869514
0.210000	1.7	32	0.812041
0.210000	1.8	57	0.686790
0.210000	1.9	55	0.476151
0.210000	2.0	37	0.347690
0.210000	2.1	28	0.269497
0.210000	2.2	22	0.215744
0.210000	2.3	19	0.176264
0.210000	2.4	16	0.146209
0.210000	2.5	14	0.122703
0.210000	2.6	13	0.103977
0.210000	2.7	12	0.088882
0.210000	2.8	11	0.076628
0.210000	2.9	9	0.066509
0.210000	3.0	8	0.058121
0.210000	3.1	8	0.051807
0.210000	3.2	5	0.046940
0.210000	3.3	5	0.042661
0.210000	3.4	5	0.038772
0.210000	3.5	5	0.035237
0.210000	3.6	4	0.032025
0.210000	3.7	4	0.029105
0.210000	3.8	4	0.026452
0.210000	3.9	4	0.024041
0.210000	4.0	4	0.021849
0.210000	4.1	4	0.019857
0.210000	4.2	4	0.018047
0.210000	4.3	4	0.016402
0.210000	4.4	3	0.014906
0.210000	4.5	3	0.013548
0.210000	4.6	3	0.012313
0.210000	4.7	3	0.011190
0.210000	4.8	3	0.010170
0.210000	4.9	3	0.009243
0.210000	5.0	3	0.008400
0.220000	0.1	3	0.999824
0.220000	0.2	3	0.999272
0.220000	0.3	4	0.998279
0.220000	0.4	4	0.996792
0.220000	0.5	5	0.994706
0.220000	0.6	6	0.991930
0.220000	0.7	6	0.988343
0.220000	0.8	7	0.983749
0.220000	0.9	8	0.977936
0.220000	1.0	9	0.970594
0.220000	1.1	10	0.961287
0.220000	1.2	11	0.949376
0.220000	1.3	13	0.933825
0.220000	1.4	15	0.912978
0.220000	1.5	19	0.883598
0.220000	1.6	25	0.838831
0.220000	1.7	38	0.760044
0.220000	1.8	55	0.604483
0.220000	1.9	43	0.436931
0.220000	2.0	32	0.331067
0.220000	2.1	25	0.260995
0.220000	2.2	21	0.210934
0.220000	2.3	18	0.173474
0.220000	2.4	15	0.144591
0.220000	2.5	14	0.121783
0.220000	2.6	12	0.103552
0.220000	2.7	11	0.088777
0.220000	2.8	10	0.076663
0.220000	2.9	9	0.066734
0.220000	3.0	8	0.058856
0.220000	3.1	5	0.052342
0.220000	3.2	5	0.047591
0.220000	3.3	5	0.043271
0.220000	3.4	5	0.039343
0.220000	3.5	4	0.035772
0.220000	3.6	4	0.032525
0.220000	3.7	4	0.029572
0.220000	3.8	4	0.026888
0.220000	3.9	4	0.024447
0.220000	4.0	4	0.022228
0.220000	4.1	4	0.020210
0.220000	4.2	3	0.018376
0.220000	4.3	3	0.016708
0.220000	4.4	3	0.015191
0.220000	4.5	3	0.013812
0.220000	4.6	3	0.012558
0.220000	4.7	3	0.011419
0.220000	4.8	3	0.010382
0.220000	4.9	3	0.009440
0.220000	5.0	3	0.008583
0.230000	0.1	3	0.999802
0.230000	0.2	3	0.999177
0.230000	0.3	4	0.998051
0.230000	0.4	5	0.996350
0.230000	0.5	5	0.993980
0.230000	0.6	6	0.990804
0.230000	0.7	6	0.986685
0.230000	0.8	7	0.981385
0.230000	0.9	8	0.974645
0.230000	1.0	9	0.966083
0.230000	1.1	10	0.955152
0.230000	1.2	12	0.941000
0.230000	1.3	14	0.922351
0.230000	1.4	16	0.896964
0.230000	1.5	21	0.860393
0.230000	1.6	28	0.803218
0.230000	1.7	41	0.702738
0.230000	1.8	46	0.545525
0.230000	1.9	36	0.409329
0.230000	2.0	28	0.317726
0.230000	2.1	23	0.253757
0.230000	2.2	19	0.206802
0.230000	2.3	16	0.171081
0.230000	2.4	14	0.143207
0.230000	2.5	13	0.121050
0.230000	2.6	12	0.103228
0.230000	2.7	10	0.088739
0.230000	2.8	9	0.076870
0.230000	2.9	9	0.067207
0.230000	3.0	8	0.059047
0.230000	3.1	5	0.053077
0.230000	3.2	5	0.048281
0.230000	3.3	5	0.043918
0.230000	3.4	4	0.039949
0.230000	3.5	4	0.036339
0.230000	3.6	4	0.033056
0.230000	3.7	4	0.030069
0.230000	3.8	4	0.027352
0.230000	3.9	4	0.024880
0.230000	4.0	3	0.022632
0.230000	4.1	3	0.020587
0.230000	4.2	3	0.018726
0.230000	4.3	3	0.017034
0.230000	4.4	3	0.015495
0.230000	4.5	3	0.014095
0.230000	4.6	3	0.012821
0.230000	4.7	3	0.011663
0.230000	4.8	3	0.010609
0.230000	4.9	3	0.009650
0.230000	5.0	3	0.008778
0.240000	0.1	3	0.999778
0.240000	0.2	3	0.999076
0.240000	0.3	4	0.997806
0.240000	0.4	5	0.995882
0.240000	0.5	5	0.993197
0.240000	0.6	6	0.989585
0.240000	0.7	6	0.984888
0.240000	0.8	7	0.978815
0.240000	0.9	8	0.971057
0.240000	1.0	9	0.961147
0.240000	1.1	11	0.948376
0.240000	1.2	12	0.931781
0.240000	1.3	14	0.909639
0.240000	1.4	18	0.878995
0.240000	1.5	22	0.834369
0.240000	1.6	30	0.763892
0.240000	1.7	40	0.648220
0.240000	1.8	39	0.503870
0.240000	1.9	31	0.388332
0.240000	2.0	25	0.306704
0.240000	2.1	21	0.247561
0.240000	2.2	18	0.203181
0.240000	2.3	15	0.168976
0.240000	2.4	14	0.142001
0.240000	2.5	12	0.120471
0.240000	2.6	11	0.103027
0.240000	2.7	10	0.088802
0.240000	2.8	9	0.077160
0.240000	2.9	8	0.067414
0.240000	3.0	5	0.059178
0.240000	3.1	5	0.053856
0.240000	3.2	5	0.049012
0.240000	3.3	4	0.044605
0.240000	3.4	4	0.040593
0.240000	3.5	4	0.036942
0.240000	3.6	4	0.033620
0.240000	3.7	4	0.030596
0.240000	3.8	4	0.027844
0.240000	3.9	3	0.025340
0.240000	4.0	3	0.023061
0.240000	4.1	3	0.020987
0.240000	4.2	3	0.019100
0.240000	4.3	3	0.017382
0.240000	4.4	3	0.015819
0.240000	4.5	3	0.014396
0.240000	4.6	3	0.013101
0.240000	4.7	3	0.011923
0.240000	4.8	3	0.010851
0.240000	4.9	3	0.009875
0.240000	5.0	3	0.008987
0.250000	0.1	3	0.999752
0.250000	0.2	4	0.998961
0.250000	0.3	4	0.997543
0.250000	0.4	5	0.995381
0.250000	0.5	5	0.992356
0.250000	0.6	6	0.988273
0.250000	0.7	7	0.982924
0.250000	0.8	7	0.976038
0.250000	0.9	8	0.967169
0.250000	1.0	10	0.955748
0.250000	1.1	11	0.941013
0.250000	1.2	13	0.921644
0.250000	1.3	15	0.895620
0.250000	1.4	19	0.859266
0.250000	1.5	24	0.805894
0.250000	1.6	31	0.723205
0.250000	1.7	37	0.601852
0.250000	1.8	34	0.472842
0.250000	1.9	28	0.371565
0.250000	2.0	23	0.297414
0.250000	2.1	19	0.242225
0.250000	2.2	17	0.200035
0.250000	2.3	15	0.167131
0.250000	2.4	13	0.141024
0.250000	2.5	12	0.120008
0.250000	2.6	10	0.102962
0.250000	2.7	9	0.088989
0.250000	2.8	9	0.077378
0.250000	2.9	8	0.067687
0.250000	3.0	5	0.060055
0.250000	3.1	5	0.054680
0.250000	3.2	4	0.049787
0.250000	3.3	4	0.045332
0.250000	3.4	4	0.041275
0.250000	3.5	4	0.037581
0.250000	3.6	4	0.034218
0.250000	3.7	3	0.031156
0.250000	3.8	3	0.028368
0.250000	3.9	3	0.025829
0.250000	4.0	3	0.023518
0.250000	4.1	3	0.021413
0.250000	4.2	3	0.019497
0.250000	4.3	3	0.017752
0.250000	4.4	3	0.016163
0.250000	4.5	3	0.014717
0.250000	4.6	3	0.013400
0.250000	4.7	3	0.012201
0.250000	4.8	3	0.011109
0.250000	4.9	3	0.010115
0.250000	5.0	3	0.009210
